{"cameraMode":{"drawMode":0,"name":"Shaded","section":"Shading Mode"},"sceneLighting":false,"audioPlay":false,"sceneViewState":{"showFog":true,"showMaterialUpdate":true,"showSkybox":true,"showFlares":true,"showImageEffects":true,"showParticleSystems":true},"in2DMode":false,"pivot":{"x":0.6793127059936523,"y":0.03497421741485596,"z":0.23333704471588136},"rotation":{"x":-0.16855449974536897,"y":-0.583245575428009,"z":0.1256498396396637,"w":-0.7846184968948364},"size":4.7100372314453129,"orthographic":false}