{"cameraMode":{"drawMode":0,"name":"Shaded","section":"Shading Mode"},"sceneLighting":true,"audioPlay":false,"sceneViewState":{"showFog":true,"showMaterialUpdate":true,"showSkybox":true,"showFlares":true,"showImageEffects":true,"showParticleSystems":true},"in2DMode":false,"pivot":{"x":0.33549076318740847,"y":-0.1070374846458435,"z":1.2273297309875489},"rotation":{"x":-0.16855449974536897,"y":-0.583245575428009,"z":0.1256498396396637,"w":-0.7846184968948364},"size":5.140446186065674,"orthographic":false}